Feature,Mean,Median,Std,Corr_with_Followers,Mega_vs_Elite_Diff_%
engagement_rate,0.012748290285021143,0.008290748613576149,0.026158250635351335,-0.11827097721402638,-53.69051404151596
viewer_retention,0.1765861459879796,0.16047280121729868,0.10076833551735186,-0.07928863314947539,-11.863666069727474
growth_rate,3.57270368660604,0.9540510628874925,9.990051315050179,0.43278448287926835,523.8122568926146
watch_efficiency,5122.908502972558,2580.327871839677,9135.280112523134,0.42953643633628336,236.1042988584361
views_per_follower,46.220460126026815,20.275547845268825,173.19396551002887,-0.10547472584247368,-74.65090088945216
quality_score,0.10299999881405743,0.09297258929697584,0.06024214994650667,0.024662806721060693,3.4962784946682803
